Entity,origin,emissions_per_kilogram,emissions_per_1000_kilocalories,land_use_per_kilogram,land_use_per_1000_kilocalories,water_scarcity_per_kilogram,water_scarcity_per_1000_kilocalories,water_withdrawals_per_kilogram,water_withdrawals_per_1000_kilocalories
Cod,Fish,10.904109307377048,8.560718955175789,5.267857300819672,3.9747253682888335,32541.33183688525,25406.29379721096,3177.812494180328,2504.3133202954104
Cod fish fingers,Fish,9.313181566197184,4.70109009673463,5.416457632394366,2.7060164484471048,27708.404097183105,14000.199356173824,2659.096029859156,1348.0812499859635
Cod fishcakes,Fish,7.815675108333333,5.021886332451263,3.808557858333333,2.383747887701245,25225.575683333333,16087.206143790514,2213.3982791666667,1426.0275295363465
Mackerel,Fish,13.606384471999998,6.25030121581932,5.801549458,2.617000963037269,39541.631164000006,18146.045370456835,3961.7235294,1807.218851110366
Prawn crackers,Seafood,4.93285324,1.469756274067707,5.467811935,1.6153815875754638,25995.93342,7720.459085981493,815.87152485,242.62366956334048
Prawns,Seafood,20.91128278264463,26.329289691999435,1.0171648834710745,1.0656573060983032,112126.91242396696,142258.49444632453,3197.153872785124,4056.136073206068
Salmon,Fish,10.412581473563218,5.953092734495825,4.7479583689655165,2.707115117355574,13113.2553045977,7266.066106612606,1360.675370678161,757.1832836099287
Salmon fishcakes,Fish,6.505734658333333,4.260376391901048,3.360536633333333,2.111291043601021,12596.077404999998,8910.711594914928,1074.9294263333334,795.703413542192
Tuna,Fish,13.075354910344828,9.969608076991577,5.521839813793104,4.194251005822715,38556.18244137931,29350.90941626319,3771.402305517241,2878.04145623316
